"filename_city","city_pretty","state","most_common_species","most_common_genus","Lat","Long","population","population_rank","number_trees","number_species","number_trees_filtered","Shannon_Wiener_Index","effective_species","max_abundance_most_common_species","max_abundance_most_common_genus","native_number_species","native_number_trees","native_Shannon_Wiener_Index","native_effective_species","number_trees_known_native_status","percent_native_trees","state_number_all_observed_species","state_number_native_species","shared_species_city_statenative","beta_diversity_city_statenative","nonnative_trees_NO_native_congener","nonnative_trees_YES_native_congener","nonnative_species_NO_native_congener","nonnative_species_YES_native_congener","nonnative_trees_PERCENTWITH_native_congeners","nonnative_species_PERCENTWITH_native_congeners","effective_species_park","effective_species_urban","percent_native_park","percent_native_urban","state_land_area_km2","Env_Long","Env_Lat","Annual_Mean_Temp","Mean_Diurnal_Range","Isothermality","Temp_Seasonality","Max_Temp_Warmest.Month","Min_Temp_Coldest_Month","Temp_Annual_Range","Mean_Temp_Wettest_Quarter","Mean_Temp_Driest_Quarter","Mean_Temp_Warmest_Quarter","Mean_Temp_Coldest_Quarter","Annual_Precip","Precip_Wettest_Month","Precip_Driest_Month","Precip_Seasonality","Precip_Wettest_Quarter","Precip_Driest_Quarter","Precip_Warmest_Quarter","Precip_Coldest_Quarter","city_incorporated_year","city_age_2021","tree_city_USA","tree_city_year","tree_city_age_2021"
"Albuquerque","Albuquerque","New Mexico","Ulmus pumila","Ulmus",35.0853336,-106.6055534,556495,32,2533,80,1943,2.9760542160602,19.6102858345399,0.0876979293544458,0.184328055217215,23,462,2.72402530460603,15.241550815156,1938,0.238390092879257,3993,3469,23,3503,823,653,22,13,0.442411924119241,0.371428571428571,NA,NA,NA,NA,"314161",-106.604166666667,35.1041666666667,133,166,42,8360,338,-55,393,232,28,242,28,227,42,10,52,102,33,92,33,1891,130,"yes",1999,22
"Anaheim","Anaheim","California","Magnolia grandiflora","Magnolia",33.8352932,-117.9145036,345012,56,79651,291,53793,3.92507562124219,50.6569086523576,0.0967694512845015,0.0980190378183689,22,1441,1.78523590691344,5.96098601953793,53524,0.0269225020551528,7264,5571,22,5818,39890,12193,124,26,0.234107098285429,0.173333333333333,NA,NA,NA,NA,"403466",-117.895833333333,33.8541666666667,177,129,55,3602,297,63,234,138,219,227,134,324,71,0,91,190,5,11,179,1876,145,"yes",1984,37
"Arlington","Arlington","Texas","Ulmus crassifolia","Quercus",32.735687,-97.1080656,379577,50,14827,104,14391,3.44571928791407,31.3658364017016,0.10900506838853,0.284524057488023,61,10611,3.0982658551091,22.159490175842,14359,0.738979037537433,5685,4682,61,4664,1686,2062,15,18,0.550160085378869,0.545454545454545,NA,NA,NA,NA,"676587",-97.1041666666667,32.7291666666667,186,121,35,7878,354,9,345,227,94,285,82,879,126,47,31,302,156,191,158,1884,137,"yes",1999,22
"Atlanta","Atlanta","Georgia","Cercis canadensis","Quercus",33.7489954,-84.3879824,447841,40,41307,283,36703,3.70269264916383,40.5563615207762,0.104438895488375,0.167276782467454,125,24648,3.4849779316479,32.6217071945951,36602,0.673405824818316,4019,3173,125,3206,4755,7199,30,37,0.602225196586917,0.552238805970149,NA,NA,NA,NA,"148959",-84.3958333333333,33.7291666666667,158,121,38,7311,314,-3,317,77,163,250,62,1298,144,78,16,393,265,316,358,1843,178,"yes",1985,36
"AuroraCO","Aurora (CO)","Colorado","Gleditsia triacanthos","Gleditsia",39.7294319,-104.8319195,345803,55,57658,119,47218,2.77178951054611,15.9872177214549,0.190142771183196,0.190142771183196,18,3774,2.05952543146425,7.84224724329046,45554,0.0828467313518023,3298,2720,18,2803,17326,24454,27,17,0.585303973192915,0.386363636363636,NA,NA,NA,NA,"268431",-104.8125,39.7291666666667,99,153,38,8363,308,-87,395,184,-3,210,-3,407,69,13,50,172,42,146,42,1903,118,"yes",1984,37
"Austin","Austin","Texas","Carya illinoinensis","Quercus",30.267153,-97.7430608,885400,11,7295,103,5962,2.86545327862619,17.557009618414,0.153639718215364,0.33109694733311,43,4609,2.33008576951627,10.2788231049224,5958,0.773581738838536,5685,4682,43,4699,909,440,28,19,0.326167531504818,0.404255319148936,NA,NA,NA,NA,"676587",-97.7291666666667,30.2708333333333,201,121,38,6945,356,38,318,239,123,286,108,813,110,38,32,272,156,179,163,1839,182,"yes",1992,29
"Baltimore","Baltimore","Maryland","Acer rubrum","Acer",39.2903848,-76.6121893,622104,26,121296,305,109488,3.65895017494054,38.8205666674271,0.107031230568982,0.216184846500137,108,61138,3.3115102698641,27.4265156489294,109470,0.558490910751804,3311,2119,108,2208,20199,28133,51,43,0.582078126293139,0.457446808510638,NA,NA,NA,NA,"25142",-76.6041666666667,39.2708333333333,135,117,32,8788,322,-41,363,247,20,247,20,1086,106,76,11,300,245,300,245,1796,225,"yes",1984,37
"Boston","Boston","Massachusetts","Pinus strobus","Pinus",42.3600825,-71.0588801,645966,24,1333,70,1302,3.0756632889,21.6642468013796,0.200300075018755,0.240060015003751,33,1040,2.59566331190576,13.4054764250862,1220,0.852459016393443,3243,1793,33,1797,55,125,7,14,0.694444444444444,0.666666666666667,NA,NA,NA,NA,"20202",-71.0625,42.3541666666667,98,107,29,8737,282,-77,359,10,186,210,-16,1120,113,79,10,314,251,251,294,1630,391,"yes",1996,25
"Buffalo","Buffalo","New York","Acer platanoides","Acer",42.8864468,-78.8783689,258959,73,132995,192,68786,3.33126570683462,27.9737258415273,0.178319375176437,0.34408313057038,71,19385,2.96091478746719,19.3156333752894,68733,0.282033375525584,3827,2241,71,2291,12936,36412,31,33,0.737861716786901,0.515625,NA,NA,NA,NA,"122057",-78.8958333333333,42.8958333333333,85,97,27,9125,266,-86,352,158,-28,200,-35,974,95,65,11,264,213,251,233,1832,189,"yes",1989,32
"CapeCoral","Cape Coral","Florida","Sabal palmetto","Quercus",26.5628537,-81.9495331,165831,146,34287,106,29796,2.96535638444354,19.4016164437993,0.221724449199291,0.236066998762997,39,21956,2.06078312316076,7.85211657751928,29209,0.75168612413982,4433,2974,39,3002,6244,1009,41,10,0.139114849027988,0.196078431372549,NA,NA,NA,NA,"138887",-81.9375,26.5625,233,113,52,3875,330,114,216,277,190,278,180,1334,224,40,67,651,133,632,147,1970,51,"yes",1992,29
"ColoradoSprings","Colorado Springs","Colorado","Pinus ponderosa","Pinus",38.8338816,-104.8213634,439886,41,25478,113,12769,2.85343010879969,17.3471826305316,0.129136183636486,0.192361903483455,19,3807,1.54136402839459,4.67095724594703,12634,0.301329745132183,3298,2720,19,2795,2897,5930,24,20,0.671802424379744,0.454545454545455,NA,NA,NA,NA,"268431",-104.8125,38.8541666666667,90,161,41,8057,297,-94,391,197,-9,197,-9,414,72,9,62,191,32,191,32,1886,135,"yes",1977,44
"Columbus","Columbus","Ohio","Fraxinus pennsylvanica","Acer",39.9611755,-82.9987942,822553,15,151937,227,119826,3.51368458383566,33.5717380593552,0.0694504974995753,0.254348966220259,79,72250,3.02770300487167,20.6497457064104,119669,0.603748673424195,3146,2041,79,2110,18447,28972,35,31,0.610978721609481,0.46969696969697,NA,NA,NA,NA,"105829",-82.9791666666667,39.9791666666667,108,117,31,9072,294,-75,369,201,-14,221,-14,957,103,54,20,302,184,288,184,1816,205,"yes",1979,42
"Dallas","Dallas","Texas","Quercus virginiana","Quercus",32.7766642,-96.7969879,1257676,9,6218,48,6198,2.65991149377902,14.2950238441477,0.199709630585578,0.34102274560413,30,4535,2.14007365471298,8.50006367558049,6138,0.738840013033561,5685,4682,30,4670,745,858,6,6,0.535246412975671,0.5,NA,NA,NA,NA,"676587",-96.8125,32.7708333333333,187,120,34,7894,356,11,345,229,96,287,83,912,130,48,31,315,167,192,167,1856,165,"yes",2005,16
"Denver","Denver","Colorado","Fraxinus pennsylvanica","Acer",39.7392358,-104.990251,649495,22,284739,290,271430,3.7677035959134,43.2805609719529,0.0906171657136419,0.145256471648686,38,35507,2.55465129782036,12.8668121897171,271333,0.130861340124496,3298,2720,38,2934,100541,135285,66,24,0.573664481439705,0.266666666666667,NA,NA,NA,NA,"268431",-104.979166666667,39.7291666666667,101,153,38,8359,308,-86,394,186,-1,213,-1,404,67,13,46,162,44,135,44,1861,160,"yes",1986,35
"DesMoines","Des Moines","Iowa","Fraxinus pennsylvanica","Acer",41.6005448,-93.6091064,207510,104,16875,70,13667,2.99307494957794,19.9469240716799,0.0985763998734578,0.261626067700095,34,9866,2.87226115835511,17.6769434125023,12161,0.811281966943508,2274,1653,34,1655,690,1605,14,8,0.699346405228758,0.363636363636364,NA,NA,NA,NA,"144669",-93.6041666666667,41.6041666666667,95,118,27,10759,301,-124,425,206,-52,227,-52,839,121,23,46,323,80,321,80,1851,170,"yes",1992,29
"Detroit","Detroit","Michigan","Populus","Quercus",42.331427,-83.0457538,688701,18,20963,84,16155,3.03744745284864,20.8519496621396,0.0636885450461692,0.123633641128026,36,8395,2.84660667167,17.2292181398128,14129,0.594168023214665,3099,2041,36,2053,2520,3214,14,16,0.560516219044297,0.533333333333333,NA,NA,NA,NA,"146435",-83.0625,42.3125,95,95,26,9519,281,-81,362,214,-19,214,-31,829,89,45,18,252,158,252,164,1806,215,"yes",1987,34
"Durham","Durham","North Carolina","Lagerstroemia","Quercus",35.9940329,-78.898619,245475,82,16030,126,15394,3.18761434060769,24.2305525903325,0.193780053706364,0.265471804159121,65,8168,2.85435222922557,17.3631861994415,12226,0.668084410273188,3990,2931,65,2927,1383,2675,20,17,0.659191720059142,0.459459459459459,NA,NA,NA,NA,"125920",-78.8958333333333,35.9791666666667,149,132,38,7634,317,-23,340,245,102,245,47,1145,113,79,12,323,250,323,276,1869,152,"yes",1983,38
"Fresno","Fresno","California","Cedrus deodara","Quercus",36.7468422,-119.7725868,509924,34,6980,57,6069,3.04814681468176,21.0762500120494,0.121334845294022,0.264539121982828,7,883,1.06584049854859,2.90327815993371,6061,0.145685530440521,7264,5571,7,5614,2907,2271,21,15,0.438586326767092,0.416666666666667,NA,NA,NA,NA,"403466",-119.770833333333,36.7291666666667,169,153,44,6841,366,24,342,100,256,256,82,272,52,0,83,146,3,3,137,1885,136,"no",NA,0
"GardenGrove","Garden Grove","California","Lagerstroemia indica","Lagerstroemia",33.7739053,-117.9414477,175140,135,17522,210,17254,3.53259950312036,34.2127883699465,0.136088186067986,0.136088186067986,14,399,1.75879221269394,5.80542144404114,17129,0.023293829178586,7264,5571,14,5753,13781,2949,101,25,0.176270173341303,0.198412698412698,NA,NA,NA,NA,"403466",-117.9375,33.7708333333333,175,119,55,3342,283,68,215,139,213,221,135,300,66,0,91,175,4,9,166,1956,65,"no",NA,0
"GrandRapids","Grand Rapids","Michigan","Acer platanoides","Acer",42.9633599,-85.6680863,192294,123,84361,155,67554,3.0395298695275,20.8954173531172,0.294114260216199,0.485512357318671,61,32389,2.85950877455793,17.4529514967008,67554,0.479453474257631,3099,2041,61,2074,5594,29571,30,28,0.840921370681075,0.482758620689655,NA,NA,NA,NA,"146435",-85.6875,42.9791666666667,86,110,29,9450,280,-93,373,194,-29,203,-40,885,100,37,22,266,153,251,160,1850,171,"yes",1998,23
"Greensboro","Greensboro","North Carolina","Quercus phellos","Quercus",36.0726354,-79.7919754,279639,68,6589,335,4928,3.23716842377733,25.4615233338705,0.0794953640370877,0.135430916552668,133,3358,3.36046928820809,28.8027044776809,4918,0.682797885319235,3990,2931,133,3000,760,800,74,48,0.512820512820513,0.39344262295082,NA,NA,NA,NA,"125920",-79.8125,36.0625,146,124,37,7664,312,-23,335,243,99,243,44,1130,112,76,11,318,251,318,267,1808,213,"yes",1991,30
"Honolulu","Honolulu","Hawaii","Cocos nucifera","Cocos",21.3069444,-157.8583333,347884,54,15440,216,14393,3.65046492201938,38.4925579273083,0.120180503019444,0.120180503019444,8,63,1.80949919182702,6.10738803636513,14293,0.00440775204645631,2930,1339,8,1539,12871,1359,132,15,0.0955024595924104,0.102040816326531,NA,NA,NA,NA,"16635",-157.854166666667,21.3125,242,82,66,1427,301,178,123,231,257,258,223,928,125,37,41,361,121,124,316,1907,114,"yes",1981,40
"Houston","Houston","Texas","Lagerstroemia indica","Quercus",29.7604267,-95.3698028,2195914,4,215139,198,207179,3.00165360378134,20.1187779191379,0.209520117618694,0.315268211278725,89,125123,2.59799166547818,13.4367254793167,203322,0.615393317004554,5685,4682,89,4702,69097,9102,42,26,0.116395350324173,0.382352941176471,NA,NA,NA,NA,"676587",-95.3541666666667,29.7708333333333,205,98,36,6146,334,64,270,266,166,280,122,1156,131,67,19,348,226,332,248,1837,184,"yes",1985,36
"HuntingtonBeach","Huntington Beach","California","Syagrus romanzoffianum","Syagrus",33.660297,-117.9992265,197575,117,55828,277,45010,3.8694373788231,47.9154202656198,0.103520721836437,0.103520721836437,29,1839,2.22017599798299,9.20895148015165,44780,0.0410674408217954,7264,5571,29,5790,32181,10760,112,25,0.250576372231667,0.182481751824818,NA,NA,NA,NA,"403466",-117.979166666667,33.6458333333333,170,107,54,3122,268,72,196,136,205,213,133,291,64,0,93,171,4,8,164,1909,112,"yes",2002,19
"Indianapolis","Indianapolis","Indiana","Acer saccharum","Acer",39.768403,-86.158068,843393,12,98942,147,89598,3.51716567010423,33.6888078224775,0.0724284406594876,0.163349686815391,67,58945,3.25994331948192,26.0480606831009,80266,0.734370717364762,2865,2101,67,2114,8722,12599,19,23,0.590919750480747,0.547619047619048,NA,NA,NA,NA,"92789",-86.1458333333333,39.7708333333333,110,114,30,9467,298,-80,378,208,-18,228,-18,1010,116,58,20,314,193,297,193,1847,174,"yes",1988,33
"Irvine","Irvine","California","Pinus canariensis","Eucalyptus",33.6839473,-117.7946942,236716,85,58364,123,54821,3.46548722035106,31.992043151048,0.0792466547802455,0.243452370648618,11,5188,1.08452490804714,2.95803414663483,54813,0.0946490795979056,7264,5571,11,5672,33999,15626,55,18,0.31488161209068,0.246575342465753,NA,NA,NA,NA,"403466",-117.8125,33.6875,171,121,56,3325,279,63,216,135,209,217,132,295,63,1,94,176,5,10,165,1971,50,"yes",1990,31
"Jerseycity","Jersey City","New Jersey","Thuja occidentalis","Quercus",40.7281575,-74.0776417,257342,74,774,31,771,2.73296071367493,15.3783505772608,0.143410852713178,0.250645994832041,19,614,2.37052202017178,10.7029779964692,763,0.804718217562254,3207,2063,19,2056,38,111,7,4,0.74496644295302,0.363636363636364,NA,NA,NA,NA,"19047",-74.0625,40.7291666666667,120,92,27,8780,293,-46,339,224,5,231,5,1154,109,78,10,311,255,303,255,1838,183,"no",NA,0
"Knoxville","Knoxville","Tennessee","Acer rubrum","Acer",35.9606384,-83.9207392,183270,128,10000,137,7993,3.7928926102726,44.38460212365,0.0815814620162446,0.206043956043956,70,5536,3.36153320793668,28.8333645502476,7903,0.700493483487283,3102,2422,70,2419,1164,1203,19,21,0.508238276299113,0.525,NA,NA,NA,NA,"106798",-83.9375,35.9791666666667,141,124,36,7913,308,-31,339,52,199,240,36,1274,132,75,14,352,256,326,339,1815,206,"yes",1991,30
"LasVegas","Las Vegas","Nevada","Pinus brutia","Pinus",36.1699412,-115.1398296,603488,30,39193,120,29771,3.15586811125956,23.4734057768643,0.193773448298559,0.21888369643915,13,7500,1.31574972060492,3.72754455488057,29771,0.251923012327433,3370,2948,13,3042,11118,11153,49,16,0.500785775223385,0.246153846153846,NA,NA,NA,NA,"284332",-115.145833333333,36.1875,188,154,38,8623,397,1,396,101,229,301,80,99,12,2,33,32,12,24,30,1911,110,"yes",1992,29
"LosAngeles","Los Angeles","California","Washingtonia robusta","Washingtonia",34.0522342,-118.2436849,3884307,2,720140,528,561662,4.21892323260447,67.9602674775446,0.0662465521121748,0.071074031232935,61,36697,2.10992182605877,8.24759651229979,560167,0.0655108208802018,7264,5571,61,5977,395052,128418,164,41,0.245320648747779,0.2,NA,NA,NA,NA,"403466",-118.229166666667,34.0625,183,118,54,3519,297,79,218,145,224,231,142,399,92,0,100,257,5,13,233,1850,171,"yes",1990,31
"Louisville","Louisville","Kentucky","Acer saccharum","Quercus",38.2526647,-85.7584557,609893,28,32711,227,32362,4.21925795092618,67.9830188316525,0.0553516819571865,0.224770642201835,103,27238,3.84395431578216,46.7098150880008,31856,0.855035158211954,2899,2086,103,2107,1801,2817,27,33,0.610004330879168,0.55,NA,NA,NA,NA,"102269",-85.7708333333333,38.2708333333333,131,122,33,8710,312,-49,361,127,195,240,15,1123,117,67,16,336,234,296,253,1828,193,"yes",2000,21
"Madison","Madison","Wisconsin","Acer platanoides","Acer",43.0730517,-89.4012302,243344,83,96042,99,75459,2.48299880596734,11.9771276994783,0.249943243598475,0.347588151653105,47,39817,2.17296201852458,8.7842646989132,71091,0.560084961528182,2698,1858,47,1863,2623,28651,15,18,0.916128413378525,0.545454545454545,NA,NA,NA,NA,"140268",-89.3958333333333,43.0625,78,116,27,10535,284,-135,419,207,-66,207,-66,804,99,26,38,292,94,292,94,1856,165,"yes",1989,32
"Miami","Miami","Florida","Pinus elliottii","Eugenia",25.7616798,-80.1917902,417650,44,732,104,645,3.59180736870716,36.2996234778925,0.0631868131868132,0.0686813186813187,26,232,2.60615017027684,13.5467974695051,587,0.395229982964225,4433,2974,26,3026,309,46,48,6,0.129577464788732,0.111111111111111,NA,NA,NA,NA,"138887",-80.1875,25.7708333333333,242,68,44,3041,313,159,154,271,201,278,201,1267,196,46,48,460,159,430,159,1896,125,"yes",2007,14
"Milwaukee","Milwaukee","Wisconsin","Fraxinus pennsylvanica","Acer",43.0389025,-87.9064736,599164,31,32260,113,29246,3.18823877708062,24.245687756112,0.106847605677741,0.210606769614725,53,19884,2.87839595802106,17.7857212429822,28880,0.688504155124654,2698,1858,53,1865,1549,7447,18,15,0.827812361049355,0.454545454545455,NA,NA,NA,NA,"140268",-87.8958333333333,43.0208333333333,84,96,25,9906,273,-109,382,207,-49,207,-49,808,92,31,29,269,121,269,121,1846,175,"yes",1979,42
"Minneapolis","Minneapolis","Minnesota","Fraxinus pennsylvanica","Acer",44.977753,-93.2650108,400070,46,190766,106,176635,2.72437858035763,15.2469362366893,0.14933607234376,0.249131705457549,48,116601,2.32854571996245,10.2630053911437,164425,0.70914398662004,2398,1791,48,1801,6947,40877,14,19,0.854738206758113,0.575757575757576,NA,NA,NA,NA,"206232",-93.2708333333333,44.9791666666667,71,112,25,11506,286,-161,447,211,-86,211,-86,738,108,21,50,310,68,310,68,1856,165,"yes",1979,42
"Nashville","Nashville","Tennessee","Platanus acerifolia","Quercus",36.1626638,-86.7816016,634464,25,2059,55,2032,3.26487691476242,26.1768888039477,0.137812653261403,0.157430112800392,22,816,2.54878403233589,12.7915402229027,1981,0.411913175164059,3102,2422,22,2433,372,793,7,12,0.68068669527897,0.631578947368421,NA,NA,NA,NA,"106798",-86.7708333333333,36.1458333333333,145,130,36,8257,322,-36,358,143,205,248,35,1214,126,69,15,347,241,283,324,1806,215,"yes",1995,26
"NewOrleans","New Orleans","Louisiana","Lagerstroemia indica","Lagerstroemia",29.9510658,-90.0715323,378715,51,105813,297,102815,2.92869116878047,18.7031352227973,0.291241754538013,0.291261014011267,75,48101,2.28106905146406,9.78713777276814,102732,0.468218276681073,3274,2345,75,2492,44617,10014,103,34,0.183302520546942,0.248175182481752,NA,NA,NA,NA,"111898",-90.0625,29.9375,203,105,38,5929,327,57,270,271,167,275,124,1547,167,77,17,465,313,462,390,1718,303,"yes",1983,38
"NewYork","New York","New York","Platanus acerifolia","Acer",40.7127837,-74.0059413,8405837,1,683788,124,609023,3.14483338331421,23.215807010196,0.133422471782621,0.136067491708438,48,180210,2.64735796443143,14.1166925284446,601176,0.299762465567488,3827,2241,48,2269,222001,198965,28,19,0.472639120499043,0.404255319148936,NA,NA,NA,NA,"122057",-74.0208333333333,40.7291666666667,121,89,26,8758,293,-44,337,106,6,232,6,1147,107,78,10,308,256,299,256,1653,368,"yes",1996,25
"Oakland","Oakland","California","Platanus acerifolia","Pyrus",37.8043637,-122.2711137,406253,45,38613,164,34068,3.47639573933734,32.3429393605623,0.106608127884724,0.115670381627828,12,413,1.93111255898949,6.89717949359033,31334,0.0131805706261569,7264,5571,12,5711,20154,10767,72,22,0.348209954399922,0.234042553191489,NA,NA,NA,NA,"403466",-122.270833333333,37.8125,146,86,50,2852,233,63,170,107,174,179,107,526,114,1,89,290,7,8,290,1852,169,"yes",1987,34
"OklahomaCity","Oklahoma City","Oklahoma","Juniperus virginiana","Quercus",35.4675602,-97.5164276,610613,27,10000,92,8784,3.51086279779448,33.4771393289796,0.0801487994589111,0.224664637583136,40,5037,2.98747059394635,19.8354470855431,8731,0.576909861413355,3019,2453,40,2465,1690,2004,11,18,0.542501353546291,0.620689655172414,NA,NA,NA,NA,"177660",-97.5208333333333,35.4791666666667,157,124,33,8740,340,-32,372,204,42,267,42,845,139,27,44,321,101,242,101,1890,131,"yes",2005,16
"Ontario","Ontario","California","Lagerstroemia indica","Lagerstroemia",34.0633443,-117.6508876,167500,144,58577,227,58184,3.94470502885306,51.6610973312901,0.0794140852800933,0.0794140852800933,21,2745,1.91104415754432,6.76014376975747,58180,0.0471811619113097,7264,5571,21,5756,41708,13727,96,27,0.247623342653558,0.219512195121951,NA,NA,NA,NA,"403466",-117.645833333333,34.0625,180,155,54,4607,338,52,286,131,237,244,126,394,82,2,88,224,9,17,211,1891,130,"no",NA,0
"Orlando","Orlando","Florida","Quercus virginiana","Quercus",28.5383355,-81.3792365,255483,77,68211,146,64345,2.42137709388184,11.2613565870907,0.258794729206963,0.446944511605416,49,39172,1.74653648709237,5.73470601142627,64054,0.611546507634184,4433,2974,49,3022,21783,3099,52,19,0.124547865927176,0.267605633802817,NA,NA,NA,NA,"138887",-81.3958333333333,28.5208333333333,220,115,48,4546,329,90,239,273,169,273,158,1251,193,50,48,534,161,534,192,1875,146,"yes",1977,44
"OverlandPark","Overland Park","Kansas","Acer rubrum","Acer",38.9822282,-94.6707917,181260,132,45148,123,43777,2.69655959873306,14.8286274370305,0.296848124734738,0.363660732235799,26,19151,2.03647432582151,7.66354235907634,42004,0.45593276830778,2302,1810,26,1881,4538,18315,28,16,0.801426508554676,0.363636363636364,NA,NA,NA,NA,"211754",-94.6875,38.9791666666667,126,111,28,9652,314,-72,386,223,-4,245,-4,971,135,30,44,363,98,340,98,1960,61,"yes",1979,42
"Phoenix","Phoenix","Arizona","Fraxinus velutina","Fraxinus",33.4483771,-112.0740373,1513367,6,214,49,196,3.2944500843821,26.9625828469066,0.088785046728972,0.158878504672897,9,39,1.68942247791999,5.41635173897232,195,0.2,4362,3725,9,3756,112,44,21,11,0.282051282051282,0.34375,NA,NA,NA,NA,"294207",-112.0625,33.4375,216,173,46,7582,409,36,373,310,248,314,122,212,28,3,45,72,15,54,67,1881,140,"yes",1986,35
"Pittsburgh","Pittsburgh","Pennsylvania","Acer platanoides","Acer",40.4406248,-79.9958864,305841,62,45703,206,37021,3.41417293382993,30.391802998011,0.0925188026099517,0.257209742491408,85,15775,2.95911243783934,19.2808512048955,36993,0.426432027680913,3567,2159,85,2195,6639,14579,33,32,0.68710528796305,0.492307692307692,NA,NA,NA,NA,"115883",-79.9791666666667,40.4375,104,124,33,8744,290,-78,368,192,-14,213,-14,958,101,59,17,292,192,283,192,1794,227,"yes",2005,16
"Plano","Plano","Texas","Ulmus crassifolia","Quercus",33.0198431,-96.6988856,274409,70,28375,78,22592,2.9134192846614,18.4196731185271,0.160283500616306,0.228121148089452,40,18069,2.44737636745194,11.5579830046249,21352,0.84624391157737,5685,4682,40,4680,1131,2152,12,16,0.655498020103564,0.571428571428571,NA,NA,NA,NA,"676587",-96.6875,33.0208333333333,180,122,34,7900,350,0,350,222,75,279,75,984,143,51,31,339,175,209,175,1873,148,"yes",1989,32
"Portland","Portland","Oregon","Acer platanoides","Acer",45.5230622,-122.6764816,609456,29,218602,150,173239,3.12343925905191,22.7244004994183,0.0886273351819469,0.266740180585866,10,8395,1.51493060054075,4.54910541043495,73816,0.11372873089845,4389,3282,10,3412,17557,47864,56,6,0.731630516195106,0.0967741935483871,NA,NA,NA,NA,"248608",-122.6875,45.5208333333333,115,107,41,5406,266,8,258,53,186,186,49,1062,172,18,58,490,89,89,448,1851,170,"yes",1977,44
"Providence","Providence","Rhode Island","Acer platanoides","Acer",41.8239891,-71.4128343,177994,134,24525,107,21621,2.91934499733873,18.5291468436193,0.126816709575617,0.246408105639067,31,6252,2.31826752424907,10.1580604592755,21113,0.296120873395538,2096,1410,31,1455,7168,7693,25,17,0.517663683466792,0.404761904761905,NA,NA,NA,NA,"2678",-71.3958333333333,41.8125,97,109,30,8622,278,-77,355,10,183,207,-16,1193,119,84,10,332,263,269,309,1636,385,"yes",1986,35
"RanchoCucamonga","Rancho Cucamonga","California","Lagerstroemia indica","Lagerstroemia",34.1063989,-117.5931084,171386,141,82947,187,75914,3.26659329944193,26.2218569951656,0.160528577300071,0.160541031996114,10,1100,1.3864243090138,4.00051982535001,75512,0.0145672211039305,7264,5571,10,5738,57257,17155,91,17,0.230540772993603,0.157407407407407,NA,NA,NA,NA,"403466",-117.604166666667,34.1041666666667,180,156,53,4818,343,51,292,129,240,246,124,434,91,2,89,251,8,16,236,1977,44,"no",NA,0
"Richmond","Richmond","Virginia","Acer saccharum","Acer",37.5407246,-77.4360481,214114,99,3272,78,1794,3.27590935369887,26.4672826620492,0.125068870523416,0.262809917355372,46,1145,2.69353496620899,14.7838440489845,1788,0.640380313199105,3625,2598,46,2584,445,198,9,12,0.307931570762053,0.571428571428571,NA,NA,NA,NA,"102279",-77.4375,37.5208333333333,142,128,36,8031,316,-33,349,236,35,243,35,1088,112,77,12,314,247,311,247,1742,279,"yes",1992,29
"Rochester","Rochester","New York","Gleditsia triacanthos","Acer",43.16103,-77.6109219,210358,103,64056,163,42274,3.47492663157341,32.2954589826748,0.139652805455914,0.16735308445153,60,16463,2.91844026250044,18.512390460131,41641,0.395355539012031,3827,2241,60,2284,11780,13398,28,28,0.532131225673207,0.5,NA,NA,NA,NA,"122057",-77.6041666666667,43.1458333333333,86,105,28,9312,277,-90,367,157,-28,203,-36,813,82,49,15,230,158,228,162,1817,204,"yes",1981,40
"Sacramento","Sacramento","California","Platanus acerifolia","Platanus",38.5815719,-121.4943996,479686,35,87191,99,79859,3.3906615373958,29.6855838999903,0.167469736529789,0.167469736529789,12,12617,1.80440944066221,6.07638192462564,77129,0.163583088073228,7264,5571,12,5646,33344,31168,39,18,0.483134920634921,0.315789473684211,NA,NA,NA,NA,"403466",-121.479166666667,38.5625,160,141,45,5896,339,32,307,84,232,233,84,450,97,1,87,238,6,11,238,1850,171,"yes",1977,44
"SanDiego","San Diego","California","Platanus acerifolia","Platanus",32.715738,-117.1610838,1355896,8,18390,136,16439,3.15868841533152,23.5397013616699,0.183684335068623,0.198887837198296,16,2709,1.50493981270074,4.50388254560403,16373,0.165455322787516,7264,5571,16,5675,3691,9973,56,20,0.729874121779859,0.263157894736842,NA,NA,NA,NA,"403466",-117.145833333333,32.7291666666667,172,91,51,3016,259,81,178,138,205,214,136,273,58,1,92,162,4,7,142,1850,171,"yes",2010,11
"SanFrancisco","San Francisco","California","Platanus acerifolia","Prunus",37.7749295,-122.4194155,837442,14,188462,404,166434,3.99046782389544,54.0801834483635,0.0681167781477948,0.0864126305928587,43,4282,1.8878813583813,6.60535945656913,165969,0.0257999987949557,7264,5571,43,5889,120783,40904,135,38,0.252982614557757,0.219653179190751,NA,NA,NA,NA,"403466",-122.4375,37.7708333333333,139,80,52,2331,218,67,151,108,160,167,108,608,127,1,88,321,8,48,321,1850,171,"yes",2008,13
"SanJose","San Jose","California","Pyrus calleryana","Pyrus",37.3382082,-121.8863286,998537,10,14236,154,12133,3.56878958495633,35.473629340245,0.0979699911738747,0.103987803899543,17,1437,1.8928017683468,6.63794062368095,12119,0.11857413978051,7264,5571,17,5691,5580,5102,60,22,0.477625912750421,0.268292682926829,NA,NA,NA,NA,"403466",-121.895833333333,37.3541666666667,154,124,53,4038,279,46,233,112,201,204,101,374,77,1,85,195,4,9,193,1850,171,"yes",1983,38
"SantaRosa","Santa Rosa","California","Quercus","Quercus",38.440429,-122.7140548,171990,140,3016,16,1213,1.87194296422098,6.50091518199752,0.385820280296785,0.385820280296785,1,203,0,1,310,0.654838709677419,7264,5571,1,5585,1,106,1,3,0.990654205607477,0.75,NA,NA,NA,NA,"403466",-122.729166666667,38.4375,139,144,57,3967,277,28,249,89,185,188,89,849,187,1,90,476,11,16,476,1868,153,"no",NA,0
"Seattle","Seattle","Washington","Prunus cerasifera","Acer",47.6062095,-122.3320708,652405,21,165623,399,145851,4.1241862788303,61.8174865813453,0.0500519097317087,0.215671274793727,44,9887,2.66921833397226,14.4286863697175,145789,0.0678171878536789,3597,2529,44,2840,44736,91166,93,34,0.670821621462524,0.267716535433071,NA,NA,NA,NA,"172119",-122.3125,47.6041666666667,109,84,38,4854,236,16,220,54,172,172,50,986,153,22,55,447,93,93,405,1869,152,"yes",1985,36
"SiouxFalls","Sioux Falls","South Dakota","Fraxinus pennsylvanica","Fraxinus",43.5445959,-96.7311034,164676,147,63024,139,58391,2.58783002521094,13.3008776957363,0.350236734693878,0.359689795918367,24,35900,1.58808891427395,4.89438639289901,58362,0.61512628079915,1888,1542,24,1633,1519,20943,28,22,0.93237467723266,0.44,NA,NA,NA,NA,"196350",-96.7291666666667,43.5625,75,127,27,11366,296,-158,454,192,-79,215,-79,624,98,12,53,257,47,252,47,1876,145,"yes",1980,41
"StLouis","St. Louis","Missouri","Acer rubrum","Acer",38.6270025,-90.1994042,318416,58,83594,204,78403,3.24050348893865,25.5465809307707,0.102753678761444,0.234901500263625,82,52925,2.77676090100451,16.0668943107109,78375,0.675279106858054,3026,2084,82,2124,11380,14070,34,30,0.552848722986248,0.46875,NA,NA,NA,NA,"178040",-90.1875,38.6458333333333,133,117,30,9460,322,-62,384,230,6,251,6,956,102,50,19,291,177,268,177,1822,199,"yes",1982,39
"Stockton","Stockton","California","Pistacia chinensis","Pistacia",37.9577016,-121.2907796,298118,64,98300,252,95838,3.60743430761822,36.8713308603907,0.116598262079977,0.116649437581241,29,11656,1.53598508270045,4.64589987212343,95817,0.121648559232704,7264,5571,29,5765,50111,34050,89,31,0.404581694609142,0.258333333333333,NA,NA,NA,NA,"403466",-121.270833333333,37.9375,160,148,47,5967,339,26,313,82,233,233,82,361,72,1,82,186,6,6,186,1850,171,"no",NA,0
"Tampa","Tampa","Florida","Quercus virginiana","Quercus",27.950575,-82.4571776,352957,53,25501,178,25008,2.98721572319262,19.8303922543856,0.226681560679805,0.44634165802282,71,17514,2.30052328474103,9.97940315813564,25006,0.700391905942574,4433,2974,71,3010,6899,593,65,13,0.0791510945008009,0.166666666666667,NA,NA,NA,NA,"138887",-82.4375,27.9375,224,104,46,4539,325,101,224,276,173,276,162,1162,196,36,55,528,159,517,188,1849,172,"yes",1982,39
"WashingtonDC","Washington (DC)","District of Columbia","Acer rubrum","Quercus",38.9071923,-77.0368707,646449,23,190991,138,153350,3.64957718503193,38.4584018229565,0.0756584625457576,0.23671319305973,47,81465,2.94725420262696,19.053564608544,151718,0.536950131164397,1884,1310,47,1354,30582,39671,33,17,0.56468762899805,0.34,NA,NA,NA,NA,"158",-77.0208333333333,38.8958333333333,132,116,32,8539,311,-42,353,241,20,241,20,1030,105,70,12,295,225,295,225,1802,219,"yes",1991,30
"Worcester","Worcester","Massachusetts","Acer platanoides","Acer",42.2625932,-71.8022934,182544,129,17454,87,15124,1.75011253351762,5.75525029812628,0.605026813982038,0.788977191962267,40,4214,2.18912808542863,8.92742576762975,14992,0.281083244397012,3243,1793,40,1800,693,10085,16,15,0.93570235665244,0.483870967741935,NA,NA,NA,NA,"20202",-71.8125,42.2708333333333,83,118,31,9087,273,-106,379,40,-26,198,-38,1172,113,87,6,315,279,285,284,1722,299,"yes",1986,35
